Title,Description,Creation Date,Author,Upvotes
Joe Biden elected president of the United States,https://apnews.com/article/election-2020-joe-biden-north-america-national-elections-elections-7200c2d4901d8e47f1302954685a737f,2020-11-07 16:28:37,throwawaynumber53,365123
"Chauvin found guilty of murder, manslaughter in George Floyd's death",https://kstp.com/news/former-minneapolis-police-officer-derek-chauvin-found-guilty-of-murder-manslaughter-in-george-floyd-death/6081181/?cat=1,2021-04-20 21:07:44,Too_Hood_95,250274
President Donald Trump says he has tested positive for coronavirus,https://www.cnbc.com/2020/10/02/president-donald-trump-says-he-has-tested-positive-for-coronavirus.html,2020-10-02 05:04:17,hoosakiwi,233317
Blizzard Employees Staged a Walkout After the Company Banned a Gamer for Pro-Hong Kong Views,https://www.thedailybeast.com/blizzard-employees-staged-a-walkout-to-protest-banned-pro-hong-kong-gamer,2019-10-09 20:45:17,SageMo,226333
Trump has left the White House for the last time as President,https://edition.cnn.com/politics/live-news/biden-harris-inauguration-day-2021/h_3a1320a33c4bca4445d129010660144c,2021-01-20 13:16:44,gumball_Jones,222634
Kobe Bryant killed in helicopter crash in California,https://www.fox5dc.com/news/kobe-bryant-killed-in-helicopter-crash-in-california-tmz-reports,2020-01-26 19:37:58,headee,213690
'Jeopardy' host Alex Trebek dies at 80 due to pancreatic cancer,https://abc13.com/entertainment/jeopardy-host-alex-trebek-dies-at-80-due-to-pancreatic-cancer/7769962/,2020-11-08 17:29:53,Orange_fury,200815
"Queen Elizabeth II, has died",https://www.bbc.co.uk/news/uk-61585886,2022-09-08 17:34:43,LaloTwins,191423
Scientist Stephen Hawking has died aged 76,http://news.sky.com/story/scientist-stephen-hawking-has-died-aged-76-11289119,2018-03-14 03:45:28,areallyshitusername,188180
"Jeffrey Epstein's autopsy more consistent with homicidal strangulation than suicide, Dr. Michael Baden reveals",https://www.foxnews.com/us/forensic-pathologist-jeffrey-epstein-homicide-suicide,2019-10-30 11:47:27,purrgatory920,186247
F.C.C. Announces Plan to Repeal Net Neutrality,https://www.nytimes.com/2017/11/21/technology/fcc-net-neutrality.html,2017-11-21 16:56:33,IAmSlimShady,177998
"Joe Biden officially sworn in as the 46th President of the United States, Kamala Harris as the 49th Vice-President",https://www.cbsnews.com/live-updates/joe-biden-inauguration-2021-01-20/,2021-01-20 16:54:00,douglasmacarthur,176883
Donald Trump impeached for ‘inciting’ US Capitol riot,https://www.aljazeera.com/news/2021/1/13/donald-trump-impeached-for-inciting-us-capitol-riot,2021-01-13 21:25:30,Brak,175652
Amber Heard Found Liable for Damages Against Johnny Depp,https://www.cnn.com/2022/06/01/entertainment/johnny-depp-amber-heard-verdict/index.html,2022-06-01 19:22:34,Evilkenevil77,174193
Supreme Court rules workers can't be fired for being gay or transgender,https://www.cnbc.com/2020/06/15/supreme-court-rules-workers-cant-be-fired-for-being-gay-or-transgender.html?__source=iosappshare%7Ccom.apple.UIKit.activity.CopyToPasteboard,2020-06-15 14:07:27,schwachs,171112
Twitter permanently suspends Trump’s account,https://www.cnbc.com/2021/01/08/twitter-permanently-suspends-trumps-account.html?__source=iosappshare%7Ccom.apple.UIKit.activity.Message,2021-01-08 23:28:52,Urf_Hates_You,171079
"Jeffrey Epstein, accused sex trafficker, dies by suicide: Officials",https://abcnews.go.com/US/jeffrey-epstein-accused-sex-trafficker-dies-suicide-officials/story?id=64881684,2019-08-10 13:00:55,headee,170196
"Russia declares war on Ukraine, reports of shelling at port city",https://www.nzherald.co.nz/world/russia-declares-war-on-ukraine-domestic-flights-suspended-images-show-people-running-away-from-border/NMAHHIPL6GMCRQT74YCSHSNP34/,2022-02-24 03:07:09,axiosempra,166920
FBI executes search warrant at Trump's Mar-a-Lago,https://www.cnn.com/2022/08/08/politics/mar-a-lago-search-warrant-fbi-donald-trump/index.html,2022-08-08 23:00:02,lemming-leader12,165302
"Ghislane Maxwell, long-time friend and confidante of Jeffrey Epstein, has been arrested by the FBI and charged by federal prosecutors",https://nbcnews.to/38tf3LC,2020-07-02 13:22:53,Brak,165205
"Betty White dies at 99, weeks before 100th birthday, according to reports",https://www.abc15.com/news/national/betty-white-dies-at-99-weeks-before-100th-birthday-according-to-tmz,2021-12-31 19:19:18,craponapoopstick,162047
"In a new court hearing, Britney Spears' father loses bid to retain complete control of his daughter's financial investments",https://www.nbcnews.com/pop-culture/pop-culture-news/britney-spears-father-loses-bid-retain-control-delegating-her-investments-n1257502,2021-02-12 00:05:14,hyogurt,161561
Donald Trump indicted over hush money payments in Stormy Daniels probe,https://www.independent.co.uk/news/world/americas/us-politics/donald-trump-stormy-daniels-charged-b2299280.html,2023-03-30 21:34:23,rahal1996,160603
Derek Chauvin sentenced to 22.5 years in prison for murder of George Floyd,https://kstp.com/news/derek-chauvin-sentenced-to-225-years-in-prison-for-murder-of-george-floyd-breaking-news/6151225/?cat=1,2021-06-25 19:55:49,Too_Hood_95,157570
Report: Stan Lee dead at 95 - Story,http://www.fox46charlotte.com/news/report-stan-lee-dead-at-95,2018-11-12 18:48:04,cameraman502,155784
Biden to pardon all prior federal offenses of simple marijuana possession,https://www.cnbc.com/2022/10/06/biden-to-pardon-all-prior-federal-offenses-of-simple-marijuana-possession-.html?__source=iosappshare%7Ccom.apple.UIKit.activity.CopyToPasteboard,2022-10-06 19:11:03,nikzyk,155517
Arizona Senator John McCain has passed away at the age of 81,https://www.abc15.com/news/state/arizona-senator-john-mccain-has-passed-away-at-the-age-of-81,2018-08-26 00:21:18,nmork,154787
President Trump has been impeached,https://www.cnn.com/politics/live-news/impeachment-inquiry-12-18-2019/index.html,2019-12-19 01:51:02,oroticacid,154262
"Justice Ruth Bader Ginsburg, Champion Of Gender Equality, Dies At 87",https://www.northcountrypublicradio.org/news/npr/100306972/justice-ruth-bader-ginsburg-champion-of-gender-equality-dies-at-87,2020-09-18 23:35:08,Short-fat-sassy,154083
Ukraine: Arnold Schwarzenegger's anti-war video trends on Russian social media,https://www.bbc.com/news/world-us-canada-60794809,2022-03-18 17:37:49,justsigndupforthis,153292
Online influencer Jake Paul charged after Scottsdale looting,https://www.abc15.com/news/region-northeast-valley/scottsdale/online-influencer-jake-paul-charged-after-scottsdale-looting,2020-06-04 15:57:30,RallyZona,152245
Ghislaine Maxwell found guilty in sex-trafficking trial,https://www.theguardian.com/us-news/2021/dec/29/ghislaine-maxwell-sex-trafficking-trial-verdict?CMP=Share_iOSApp_Other,2021-12-29 22:11:57,xryanpagex,150168
"Apple admits it slows older iPhones, confirming Geekbench report",https://www.cnet.com/news/apple-iphone-6-6s-7-ios-slow-downs-older-iphones-lithium-ion-batteries/#ftag=CAD-09-10aai5b,2017-12-20 21:59:13,Brak,149913
"NY Times: Trump paid $750 in US income taxes in 2016, 2017",https://apnews.com/article/archive-personal-taxes-donald-trump-f0e2af5f9f99de9d30dc6b9097121188?utm_campaign=SocialFlow&utm_source=Twitter&utm_medium=AP,2020-09-27 21:57:51,SerScronzarelli,149745
Net Neutrality Overturned,https://www.nytimes.com/2017/12/14/technology/net-neutrality-repeal-vote.html,2017-12-14 18:13:28,DWinsauer,147349
Congress has certified the 270 Electoral College votes needed to confirm Joe Biden's presidential election win.,https://www.latimes.com/politics/liveblog/live-updates-congress-electoral-college-votes,2021-01-07 08:42:56,douglasmacarthur,144176
Alex Jones guilty in all four Sandy Hook defamation cases,https://www.independent.co.uk/news/world/americas/alex-jones-sandy-hook-infowars-b1957993.html,2021-11-15 16:45:20,Illustrious_Welder94,143260
FCC Chairman Ajit Pai will step down on January 20,https://www.cnbc.com/2020/11/30/fcc-chairman-ajit-pai-will-step-down-on-january-20.html,2020-11-30 15:58:32,harushiga,141350
"GBI arrests father, son for murder of Ahmaud Arbery",https://www.wjcl.com/article/gbi-arrests-father-son-for-murder-of-ahmaud-arbery/32409481,2020-05-08 00:17:59,No___ImRight,141052
"Melvin Capital, hedge fund that bet against GameStop, lost more than 50% in January",https://www.cnbc.com/2021/01/31/melvin-capital-lost-more-than-50percent-after-betting-against-gamestop-wsj.html,2021-01-31 21:41:29,ticklishpandabear,140595
Wife of officer charged with murder of George Floyd announces she's divorcing him,https://www.nbcnews.com/news/us-news/wife-officer-charged-murder-george-floyd-announces-she-s-divorcing-n1219276,2020-05-30 04:34:28,iSleepUpsideDown,140276
Supreme Court overturns Roe v. Wade; states can ban abortion,https://apnews.com/article/854f60302f21c2c35129e58cf8d8a7b0,2022-06-24 14:14:06,Joescranium,138597
Family of 11-year-old boy who died in Texas deep freeze files $100 million suit against power companies,https://abcnews.go.com/US/family-11-year-boy-died-texas-deep-freeze/story?id=76030082,2021-02-21 21:28:52,3dprinteddildo,137993
"Judge permanently dismisses charges against Kenneth Walker, boyfriend of Breonna Taylor",https://www.cbsnews.com/news/kenneth-walker-breonna-taylor-judge-dismisses-charges/,2021-03-08 19:47:16,Semper-Fido,137804
Leader of North Carolina lockdown Protest group tests positive for COVID-19,https://www.wral.com/coronavirus/nc-coronavirus-live-updates-april-27/19073293/,2020-04-27 17:12:51,Brak,136604
Travis Scott Sued Over ‘Predictable And Preventable’ Astroworld Tragedy,https://www.spin.com/2021/11/travis-scott-sued-over-predictable-and-preventable-astroworld-tragedy/,2021-11-07 20:50:21,Dimitra1,136011
"Kanye West removed from Illinois Presidential ballot after nearly 2,000 invalid signatures discovered",https://www.xxlmag.com/kanye-west-illinois-ballot-invalid-signatures/,2020-08-08 17:21:38,eternallatake,133963
"Clarence Thomas has accepted undisclosed luxury trips from GOP megadonor for decades, report says",https://www.cnbc.com/2023/04/06/clarence-thomas-took-gop-megadonor-harlan-crow-secret-luxury-trips-report.html,2023-04-06 14:33:58,OkVermicelli2557,133696
Losses on short positions in U.S. firms top $70 billion,https://www.reuters.com/article/us-retail-trading-shortbets-idUSKBN29X1SW?taid=6012f37e9ac87d000147d4e3&utm_source=reddit.com,2021-01-28 19:21:56,XVll-L,133381
$1 million bounty on Putin offered by Russian businessman,https://www.jpost.com/international/article-699098,2022-03-02 14:35:57,L82Work,133369
Georgia Rep. Marjorie Taylor Greene's husband files for divorce,https://newschannel9.com/news/local/georgia-rep-marjorie-taylor-greenes-husband-files-for-divorce?fbclid=IwAR1pGXjA9IyCN4oHb2IZkZ7Pjf1xNLD9-jsUQ48I8ICcp_myroViaXDgy1w,2022-09-29 01:55:49,lilymagil,132785
Ahmaud Arbery verdict: three men found guilty of murdering Black man as he jogged,https://www.theguardian.com/us-news/2021/nov/24/ahmaud-arbery-verdict-guilty,2021-11-24 18:47:58,thenewyorkgod,131499
Trump campaign loses lawsuit seeking to halt Michigan vote count,https://www.reuters.com/article/us-usa-election-michigan-idUSKBN27L2M1,2020-11-05 19:36:39,lawrencebanderson,131222
Portland sees peaceful night of protests following withdrawal of federal troops,https://www.theguardian.com/us-news/2020/jul/31/portland-protests-latest-peaceful-night-federal-troops-withdrawal,2020-07-31 12:25:18,hildebrand_rarity,129841
Former President George H.W. Bush Dies at 94,https://www.nbcdfw.com/news/local/Former-President-George-HW-Bush-Dies-184974861.html,2018-12-01 04:54:43,quinninin,129151
"Illinois’ Top Legal Officer Wants To License Cops, Just Like Doctors, Hairdressers",https://www.wbez.org/stories/illinois-top-legal-officer-wants-to-license-cops-just-like-doctors-hairdressers/9a8b6505-4283-4975-ad2f-8b653e96da73,2020-06-06 03:13:30,BKNas,128937
"Tucker Carlson Out At Fox News, Network Says They Have “Agreed To Part Ways”",https://deadline.com/2023/04/tucker-carlson-out-at-fox-news-1235334983/,2023-04-24 15:35:42,ICumCoffee,128730
"North Carolina man arrested after he’s discovered with guns, explosives in plot to assassinate Joe Biden",https://www.rawstory.com/2020/10/north-carolina-man-arrested-after-discovered-with-guns-explosives-in-plot-to-assassinate-joe-biden/,2020-10-22 20:42:40,Elderthedog,128377
"Underage girl forced to have sex with Prince Andrew, US court document claims",https://www.theguardian.com/uk-news/2020/jul/31/underage-girl-forced-to-have-sex-with-prince-andrew-us-court-document-jeffrey-epstein,2020-07-31 16:56:27,NameReservedForYou,127182
Japanese firm gives non-smokers extra six days holiday to compensate for cigarette break,http://www.independent.co.uk/news/world/asia/japanese-firm-piala-inc-tokyo-non-smokers-extra-six-days-holiday-cigarette-break-a8028541.html,2017-10-31 11:20:37,ajstrange1,126706
Entire staffs at 3 Sonic locations quit after wages cut to $4/hour plus tips,https://kutv.com/news/offbeat/entire-staffs-at-3-sonic-locations-quit-after-wages-cut-to-4hour-plus-tips?fbclid=IwAR0gYmpsHEUfb1YPvhKFz9GV9iTMiyPWb1JvqLlw7zHsQJJ3kopbh62f7wo,2019-03-01 21:52:20,Annahsbananas,124874
#DeleteFacebook Movement Gains Steam After 50 Million Users Have Data Leaked,https://www.thewrap.com/delete-facebook-twitter-cambridge-analytica/,2018-03-20 01:02:05,JoseTwitterFan,124445
Pregnant Texas woman driving in HOV lane told police her unborn child counted as a passenger,https://www.chron.com/news/houston-texas/article/Pregnant-Texas-woman-driving-in-HOV-lane-told-17293221.php,2022-07-08 23:50:18,PeliPal,124067
Chester Bennington of Linkin Park commits suicide,http://wtkr.com/2017/07/20/tmz-report-chester-bennington-of-linkin-park-commits-suicide/,2017-07-20 18:14:23,Another-Chance,123956
Biden revokes presidential permit for Keystone XL pipeline expansion on 1st day,https://globalnews.ca/news/7588853/biden-cancels-keystone-xl/,2021-01-20 23:07:20,Brak,123740
"Raphael Warnock beats Trump pick Herschel Walker in Georgia Senate runoff, NBC projects",https://www.cnbc.com/2022/12/06/georgia-senate-runoff-raphael-warnock-beats-trump-pick-herschel-walker.html?__source=iosappshare%7Ccom.apple.UIKit.activity.CopyToPasteboard,2022-12-07 03:24:16,VengenaceIsMyName,123657
Fox News publishes digitally altered and misleading images of Seattle demonstrations,https://edition.cnn.com/2020/06/13/media/seattle-fox-news-autonomous-zone-protest/index.html,2020-06-13 18:15:57,crisvincent,123157
Ghislaine Maxwell Charged With Sex Trafficking of 14-Year-Old Girl,https://www.nytimes.com/2021/03/29/nyregion/ghislaine-maxwell-sex-trafficking-epstein.html?referringSource=articleShare,2021-03-29 21:15:39,jaffacakes077,123005
Harvey Weinstein sentenced to 23 years in prison for sex assault in case that sparked 'MeToo' movement,https://www.cnbc.com/2020/03/11/harvey-weinstein-sentenced-in-prison-for-sex-assault.html,2020-03-11 15:05:01,JAlbert653,122057
"Colorado governor signs police accountability bill, ending qualified immunity defense in the state",https://www.efficientgov.com/legal/articles/colorado-governor-signs-police-accountability-bill-ending-qualified-immunity-defense-in-the-state-7pCy9MlUviwLRX1O/,2020-06-19 23:19:58,rishcast,121994
Man dies in Arizona after being restrained by police on hot tarmac for six minutes,https://news.sky.com/story/man-dies-in-arizona-after-being-restrained-by-police-on-hot-tarmac-for-six-minutes-12053541,2020-08-21 13:02:01,Smithman,121844
U.S. President Donald Trump fired the federal government's top lawyer Sally Yates on Monday after she took the extraordinarily rare step of defying the White House and refused to defend new travel restrictions targeting seven Muslim-majority nations.,http://www.reuters.com/article/us-usa-trump-immigration-idUSKBN15E1DE,2017-01-31 03:25:38,hoosakiwi,121529
New Virginia law capping insulin prices at $50 a month goes into effect Friday,https://www.princewilliamtimes.com/news/new-virginia-law-capping-insulin-prices-at-50-a-month-goes-into-effect-friday/article_cc1ea210-4a26-11eb-9ca2-dbcea0627c72.html?fbclid=IwAR0MA6jbLJjl0fz8QwTkKaBOCFI74LiB3Bb4GVWvm2Ro2VCeEVKgyeSgBx0,2020-12-31 21:44:33,Brak,121227
"Uvalde police, school district no longer cooperating with Texas probe of shooting",https://abcnews.go.com/US/uvalde-police-school-district-longer-cooperating-texas-probe/story?id=85093405,2022-05-31 21:30:13,mateothegreek,120653
Gay men have taken over the Proud Boys Twitter hashtag,https://www.cnn.com/2020/10/04/us/proud-boys-twitter-hashtag-gay-men-trnd/index.html,2020-10-04 19:49:00,throwaway190283111,120498
Police shoot 13-year-old boy with autism several times after mother calls for help,https://www.theguardian.com/us-news/2020/sep/08/linden-cameron-police-shooting-boy-autism-utah,2020-09-08 17:00:33,coeliacmccarthy,120274
Airspace now restricted over Biden’s home,https://edition.cnn.com/politics/live-news/trump-biden-election-results-11-06-20/h_8cd2333f39a78ee9080a753e0433035a,2020-11-06 14:49:35,redditorPleaser,120211
Blizzard pulls Blitzchung from Hearthstone tournament over support for Hong Kong protests,https://www.cnet.com/news/blizzard-removes-blitzchung-from-hearthstone-grand-masters-after-his-public-support-for-hong-kong-protests/,2019-10-08 13:11:53,V_IR,119971
"Black woman shot and killed after Kentucky police entered her home as she slept, family says",https://www.nbcnews.com/news/nbcblk/black-woman-shot-killed-after-kentucky-police-entered-her-home-n1205651,2020-05-12 23:34:09,DonnieMostDefinitely,119859
Supreme Court rules New York prosecutor can get Trump's tax returns,https://www.nbcnews.com/politics/supreme-court/supreme-court-rules-new-york-prosecutor-can-get-trump-s-n1232086,2020-07-09 14:16:19,18-24-61-B-17-17-4,119840
Judge orders U.S. Postal Service to treat all election mail as 1st class or priority | CBC News,https://www.cbc.ca/news/world/usps-election-mail-1.5732632,2020-09-21 20:43:37,GlitchedGamer14,119484
Marine Corps Bans Public Display of Confederate Flag,https://www.nytimes.com/2020/04/23/us/marine-corps-confederate-flag.html,2020-04-24 22:20:28,Brak,119477
Some U.S. Capitol rioters fired after internet detectives identify them,https://www.reuters.com/article/us-usa-election-protests-fallout/some-u-s-capitol-rioters-fired-after-internet-detectives-identify-them-idUSKBN29C36M?feedType=mktg&feedName=topNews&WT.mc_id=Partner-Google,2021-01-08 01:31:43,clocks212,119448
Donald Trump calls for delay to 2020 US presidential election,https://www.bbc.com/news/world-us-canada-53597975,2020-07-30 13:14:50,ani625,119222
"U.S. Supreme Court lets Flint, Michigan residents sue over water contamination",https://www.reuters.com/article/us-usa-court-flint-idUSKBN1ZK1S5,2020-01-21 15:33:28,protekt0r,119139
"Fired Wilmington cop: “We are just going to go out and start slaughtering them f—— ni—–. I can’t wait. God, I can’t wait.”",https://portcitydaily.com/local-news/2020/06/24/fired-wilmington-cop-we-are-just-going-to-go-out-and-start-slaughtering-them-f-ni-i-cant-wait-god-i-cant-wait-free-read/?fbclid=IwAR2rQ5D5Fyq6qgTRpdU6clh8a_7iOY_AUDe76SvfMAxywUnUPZVnoGzVVgM,2020-06-24 21:45:34,hostilecarrot,118558
Italy bans unvaccinated children from school,https://www.bbc.co.uk/news/world-europe-47536981,2019-03-12 10:47:31,Crankyoldhobo,118493
'Black Panther' actor Chadwick Boseman dies at 43 after 4-year fight with colon cancer,https://apnews.com/7e2cb43ba86130d92e2128d907b860fd,2020-08-29 02:08:56,pfloyd102,118439
Arresting officer in George Floyd case taken into custody by BCA,https://kstp.com/news/arresting-officer-derek-chauvin-taken-into-custody-by-bca-george-floyd-case/5743589/?cat=1,2020-05-29 17:16:54,Minneapolis_W,117862
Britney Spears' conservatorship is brought to an end after 13 years,https://news.sky.com/story/britney-spears-conservatorship-is-brought-to-an-end-after-13-years-12467159,2021-11-12 22:16:06,cvelz,117515
Assaulting a worker who's enforcing masks is now a felony under a new Illinois law,https://www.cnn.com/2020/08/10/us/assault-workers-mask-law-illinois-trnd/index.html,2020-08-10 14:14:06,hildebrand_rarity,117446
Dr. Fauci says his daughters need security as family continues to get death threats,https://www.cnbc.com/2020/08/05/dr-fauci-says-his-daughters-need-security-as-family-continues-to-get-death-threats.html,2020-08-05 18:21:16,Brak,116881
Comcast quietly drops promise not to charge tolls for Internet fast lanes,https://arstechnica.com/tech-policy/2017/11/comcast-quietly-drops-promise-not-to-charge-tolls-for-internet-fast-lanes/,2017-11-27 17:38:34,newnemo,116776
Hospitals will have to post prices online starting January 1,http://www.fox5dc.com/health/hospitals-will-have-to-post-prices-online-starting-january-1,2018-12-27 04:15:47,PsychSiren,116621
"Grant Imahara, 'Mythbusters' co-host, dead at 49",https://www.abc10.com/article/news/nation-world/grant-imahra-mythbusters-obit/507-82ddb2c7-5583-4334-b4de-6146043f2d12,2020-07-14 05:14:12,ani625,116531
Bill Cosby found guilty on all sex assault charges,http://abc7chicago.com/jury-reaches-verdict-in-bill-cosby-sex-assault-retrial/3394442/,2018-04-26 17:51:09,BabyMonkeyOnPig,116508
"Mars, Nestlé and Hershey to face landmark child slavery lawsuit in US",https://www.theguardian.com/global-development/2021/feb/12/mars-nestle-and-hershey-to-face-landmark-child-slavery-lawsuit-in-us,2021-02-12 22:48:57,PauloPatricio,116267
Rush Limbaugh dead at 70,https://kpel965.com/rush-limbaugh-dead-at-70/,2021-02-17 17:12:37,Seen_it_Already,115737
US police charged over death of Breonna Taylor,https://www.bbc.com/news/world-us-canada-62427546,2022-08-04 15:24:18,WibbleWibbler,115338
"President-elect Joe Biden clears 270-vote threshold in Electoral College count, formalizing his victory",https://apnews.com/article/joe-biden-social-affairs-elections-ap-news-alert-electoral-college-9f7c5bbc89077e7cf52ae572de9bd18d,2020-12-14 22:34:17,douglasmacarthur,115233
